{"violent_crimes": {"Albuquerque": -0.23709537486387264, "Arlington": -0.33992860970456507, "Atlanta": 0.19667343522351644, "Aurora": 0.007261821220300509, "Austin": -0.31650499767651624, "Baltimore": 0.0792475880156398, "Boston": 0.3956049642378419, "Buffalo": -0.13674611100582537, "Charlotte": -0.30563972002504075, "Chicago": 0.11583566482717805, "Cincinnati": -0.3479628777948444, "Cleveland": 0.2419762978724751, "Columbus": -0.36913779533504376, "Dallas": -0.0014571861823497337, "Denver": 0.2501352713583982, "Detroit": 0.2200424642688013, "El Paso": -0.01340764480886014, "Fort Worth": 0.28003461428550236, "Fresno": -0.2118272487081886, "Honolulu": -0.34812769202335575, "Houston": -0.36470322453555365, "Indianapolis": -0.2811266909010165, "Jacksonville": 0.04437265806445037, "Kansas City": 0.11497784530380817, "Las Vegas": -0.3567090864008601, "Long Beach": 0.08406216077737602, "Los Angeles": 0.1042920536682186, "Memphis": -0.20606907844842381, "Mesa": -0.4237367050516702, "Miami": 0.243608182402104, "Milwaukee": -0.020222369406650415, "Minneapolis": 0.05195564123674041, "Nashville": -0.46037473339980023, "New Orleans": 0.3789407505044708, "Newark": 0.4765619366362407, "Oakland": 0.11676478130491776, "Oklahoma City": -0.23208004222288892, "Omaha": -0.06925584528981425, "Orlando": -0.23646793877902586, "Philadelphia": -0.48242398793382174, "Phoenix": -0.25033430920364363, "Pittsburgh": 0.18556402796538443, "Portland": 0.3171910138767016, "Raleigh": -0.4712303693522555, "Sacramento": -0.29619460654392876, "Salt Lake City": -0.1209971003859822, "San Antonio": -0.4170260233513313, "San Diego": -0.021898836069366545, "San Francisco": 0.37513888872341794, "San Jose": -0.027244187534864912, "Seattle": 0.3744270315176146, "St. Louis": 0.11359491167523499, "Tampa": 0.1385803978938584, "Tucson": -0.3602405438722723, "Tulsa": -0.4654745650498352, "Virginia Beach": -0.4726838249805005, "Washington": 0.1432727100326221, "Wichita": -0.37624668557790025, "Louisville": -0.27448524390444484}, "crimes_percapita": {"Albuquerque": -0.02136833619753662, "Arlington": -0.12617352248564337, "Atlanta": 0.16877922557741848, "Aurora": 0.19724687243895384, "Austin": 0.04576702919340706, "Baltimore": -0.0847535122286824, "Boston": 0.3715982277474894, "Buffalo": -0.270066200821865, "Charlotte": 0.06233321181754886, "Chicago": 0.08463198977257567, "Cincinnati": -0.5129146363296023, "Cleveland": 0.12639736228754928, "Columbus": -0.06192963944208177, "Dallas": 0.16269618129711924, "Denver": 0.26012199870877656, "Detroit": 0.029057983723348876, "El Paso": 0.13665747215150612, "Fort Worth": 0.3833445859442318, "Fresno": 0.15469398854395308, "Honolulu": -0.2124039702559858, "Houston": -0.24616494394858882, "Indianapolis": 0.021817709311804538, "Jacksonville": 0.22811413295818894, "Kansas City": 0.09580571635285126, "Las Vegas": 0.127123991091872, "Long Beach": 0.20666952957633986, "Los Angeles": 0.21047247668187294, "Memphis": -0.2105328916369208, "Mesa": -0.06641173858839167, "Miami": 0.2300528207947436, "Milwaukee": -0.0486561311993372, "Minneapolis": 0.07978271254814973, "Nashville": -0.4364015581416718, "New Orleans": 0.30756488427828094, "Newark": 0.41819511229474204, "Oakland": 0.23844551129803934, "Oklahoma City": -0.04750353311063593, "Omaha": 0.005122945023507831, "Orlando": 0.04930479490149997, "Philadelphia": -0.49111133736810453, "Phoenix": 0.21435891769443588, "Pittsburgh": -0.019337923739016175, "Portland": 0.4357093803002599, "Raleigh": -0.18198854269287087, "Sacramento": 0.1774118851273307, "Salt Lake City": 0.042017231155040226, "San Antonio": -0.24096758601135473, "San Diego": 0.14592684425961835, "San Francisco": 0.3566048038960974, "San Jose": 0.20891604303592945, "Seattle": 0.4110304513995629, "St. Louis": -0.10397002135990566, "Tampa": 0.18823203873600597, "Tucson": -0.10872160870024669, "Tulsa": -0.4334095335714328, "Virginia Beach": -0.3202598928918924, "Washington": 0.03191146403243479, "Wichita": -0.33010298116613246, "Louisville": -0.4182590260439602}, "homicides": {"Albuquerque": 0.3090947363673324, "Arlington": 0.41222267375406285, "Atlanta": 0.326019556772672, "Aurora": -0.08945752056788275, "Austin": 0.4237780608986795, "Baltimore": -0.38465498505489154, "Boston": 0.249569222668568, "Buffalo": -0.35309321040830205, "Charlotte": 0.11502022294227443, "Chicago": 0.18228933509751466, "Cincinnati": -0.2621041427502609, "Cleveland": 0.2758495815014223, "Columbus": 0.02910914235367527, "Dallas": 0.33478555243101876, "Denver": 0.25196037647987146, "Detroit": 0.33199884464652457, "El Paso": 0.3744789014602658, "Fort Worth": 0.44922636616755984, "Fresno": 0.2854300613878398, "Honolulu": 0.42723486866676036, "Houston": 0.27997480952822495, "Indianapolis": 0.10182018274769812, "Jacksonville": 0.42078225006308767, "Kansas City": 0.04580200015096386, "Las Vegas": 0.261513704648956, "Long Beach": 0.19091582311905983, "Los Angeles": 0.3016499156195036, "Memphis": 0.08667934632383098, "Mesa": -0.04578669285920134, "Miami": 0.4402522808224795, "Milwaukee": -0.2607312371128926, "Minneapolis": -0.07295637597108819, "Nashville": 0.27266648269537863, "New Orleans": -0.3087659610030455, "Newark": 0.3305813008453069, "Oakland": 0.16935199488008748, "Oklahoma City": 0.207116866937345, "Omaha": 0.12466878276386703, "Orlando": 0.11308052581467982, "Philadelphia": -0.17759269281461193, "Phoenix": -0.20025888888330262, "Pittsburgh": -0.27909823404474626, "Portland": 0.5011376562761328, "Raleigh": 0.1503449603051376, "Sacramento": 0.35015126050147855, "Salt Lake City": 0.22512942254304447, "San Antonio": 0.367856907146481, "San Diego": 0.3645086350213948, "San Francisco": 0.17889118127465328, "San Jose": 0.390466027319686, "Seattle": 0.32872041799386237, "St. Louis": 0.13678789280279757, "Tampa": 0.46751827456260153, "Tucson": -0.2646740106307343, "Tulsa": -0.1675826962901936, "Virginia Beach": 0.21793120504644894, "Washington": -0.11517788577990315, "Wichita": 0.08225036821082918, "Louisville": -0.34499362513993287}, "rapes": {"Albuquerque": 0.44238692449084344, "Arlington": 0.02237626426943433, "Atlanta": 0.42470963622724256, "Aurora": -0.16621831871915438, "Austin": 0.5370027072218226, "Baltimore": 0.42890592503564823, "Boston": 0.4673032658466762, "Buffalo": 0.21596288814962114, "Charlotte": 0.21982005074422822, "Chicago": 0.23851755781604186, "Cincinnati": -0.23340055943109045, "Cleveland": 0.1781538457256953, "Columbus": 0.12843028742147491, "Dallas": 0.5643142043110295, "Denver": 0.5092800695822866, "Detroit": 0.5164383659608265, "El Paso": 0.24166065778860987, "Fort Worth": 0.5351173189774405, "Fresno": 0.3911976340502058, "Honolulu": 0.28244948729775365, "Houston": 0.4578512872864532, "Indianapolis": 0.31165611504322005, "Jacksonville": 0.577338898877751, "Kansas City": 0.4814096021318758, "Las Vegas": 0.47786929573496156, "Long Beach": 0.4139653777343463, "Los Angeles": 0.43415826497605914, "Memphis": 0.5347582944838192, "Mesa": 0.5293822028088242, "Miami": 0.39441244291451205, "Milwaukee": 0.4522130731195749, "Minneapolis": 0.09855276070848591, "Nashville": 0.2520897835350101, "New Orleans": 0.5339162180454364, "Newark": 0.5528654866459574, "Oakland": 0.4584781322858649, "Oklahoma City": 0.24025458088106966, "Omaha": 0.26224414828354414, "Orlando": 0.43043535942831984, "Philadelphia": 0.02426645788525099, "Phoenix": 0.681156908822849, "Pittsburgh": 0.3655228510371752, "Portland": 0.42614437333420374, "Raleigh": 0.09188489757416463, "Sacramento": 0.33955805865845695, "Salt Lake City": 0.3303927456435804, "San Antonio": 0.5666893165643235, "San Diego": 0.3244443397155341, "San Francisco": 0.47757089513589523, "San Jose": 0.4536639784667239, "Seattle": 0.5358247218206722, "St. Louis": 0.640685023351065, "Tampa": 0.33466118009481066, "Tucson": 0.09849864813733002, "Tulsa": 0.06800198339403331, "Virginia Beach": 0.3304709771377665, "Washington": 0.47392747696360926, "Wichita": 0.25595117020111363, "Louisville": -0.8310031144331407},